{
  "lower_threshold": -0.049525178569087704,
  "upper_threshold": 0.05103372909512395,
  "lower_percentile": 0.01,
  "upper_percentile": 0.99,
  "n_clipped_lower": 741,
  "n_clipped_upper": 730,
  "pct_clipped": 3.0906607836957662,
  "train_days": 1413,
  "test_days": 1760,
  "train_end_date": "2017-12-29",
  "asset_stats": {
    "AAPL": {
      "mean": 0.1628114309650966,
      "std": 0.24523491449328555,
      "sharpe": 0.6638998826961661,
      "skew": -0.5408852840665934,
      "kurt": 6.595465511425646
    },
    "AMD": {
      "mean": 0.09573065304320748,
      "std": 0.5914099800964743,
      "sharpe": 0.16186851129497568,
      "skew": 0.5059439257236447,
      "kurt": 16.237349147574232
    },
    "AMZN": {
      "mean": 0.3030119117017291,
      "std": 0.2861608569457608,
      "sharpe": 1.05888665184967,
      "skew": 0.4058650094488048,
      "kurt": 10.354808206872601
    },
    "BIL": {
      "mean": 0.0008352355211459754,
      "std": 0.0026858666190030236,
      "sharpe": 0.31097431094921957,
      "skew": -0.0938725133234488,
      "kurt": -0.036603416308172765
    },
    "EFA": {
      "mean": 0.09965277102793128,
      "std": 0.14679966638989045,
      "sharpe": 0.6788351327942391,
      "skew": -0.8326602925918073,
      "kurt": 7.520817922207412
    },
    "GOOGL": {
      "mean": 0.22370193387789827,
      "std": 0.21643426891540865,
      "sharpe": 1.033579086153543,
      "skew": 1.382053642211902,
      "kurt": 17.705253548554932
    },
    "HYG": {
      "mean": 0.05539490904925963,
      "std": 0.06281587283238609,
      "sharpe": 0.8818616466107525,
      "skew": 0.03020039371990225,
      "kurt": 3.0474060202931947
    },
    "IEF": {
      "mean": 0.015453876621739858,
      "std": 0.055139358263588505,
      "sharpe": 0.28026943200651805,
      "skew": -0.24412462107389554,
      "kurt": 1.094585909453396
    },
    "INTC": {
      "mean": 0.1338741291721669,
      "std": 0.21729520740427039,
      "sharpe": 0.6160933357499165,
      "skew": -0.1173523244192821,
      "kurt": 5.1038166221673045
    },
    "META": {
      "mean": 0.27277240220631527,
      "std": 0.36450674287117174,
      "sharpe": 0.7483329390774033,
      "skew": 1.2308889362907651,
      "kurt": 17.47293129921533
    },
    "MSFT": {
      "mean": 0.21758769760400987,
      "std": 0.22223557269378547,
      "sharpe": 0.9790858185598404,
      "skew": -0.17936437621453002,
      "kurt": 10.530457972973506
    },
    "NVDA": {
      "mean": 0.5081756944690273,
      "std": 0.34020535225636617,
      "sharpe": 1.4937322152594616,
      "skew": 1.8792648980258047,
      "kurt": 20.715408536001156
    },
    "QQQ": {
      "mean": 0.17982958131162677,
      "std": 0.14553461597870979,
      "sharpe": 1.235648165917681,
      "skew": -0.3698653879225496,
      "kurt": 2.6176994598466083
    },
    "SPY": {
      "mean": 0.14963447579557046,
      "std": 0.1205735716085437,
      "sharpe": 1.2410221725982904,
      "skew": -0.3779095489763736,
      "kurt": 2.748339892739198
    },
    "TSLA": {
      "mean": 0.43240425198942783,
      "std": 0.47094927511608964,
      "sharpe": 0.9181546184200827,
      "skew": 0.3728136844494813,
      "kurt": 5.710377091211003
    }
  },
  "train_mean_return_ann": 0.1900580636237435,
  "train_mean_vol_ann": 0.23253207483231558
}