{
  "lower_threshold": -0.025208777652977004,
  "upper_threshold": 0.022905416265258074,
  "lower_percentile": 0.01,
  "upper_percentile": 0.99,
  "n_clipped_lower": 300,
  "n_clipped_upper": 285,
  "pct_clipped": 2.584835630965005,
  "train_days": 2012,
  "test_days": 1760,
  "train_end_date": "2017-12-29",
  "asset_stats": {
    "BIL": {
      "mean": 0.0005374769200371917,
      "std": 0.0026884383305997885,
      "sharpe": 0.1999216102224227,
      "skew": -0.08989275530095678,
      "kurt": 0.1621873669514864
    },
    "EFA": {
      "mean": 0.056595185236210155,
      "std": 0.1882607679751075,
      "sharpe": 0.30062123853491013,
      "skew": -0.5763954292257011,
      "kurt": 6.015690697237893
    },
    "HYG": {
      "mean": 0.06049277343591054,
      "std": 0.07747158731507185,
      "sharpe": 0.7808381825183265,
      "skew": -0.4639138108817155,
      "kurt": 8.055485094910873
    },
    "IEF": {
      "mean": 0.04289519333567051,
      "std": 0.062280981024370345,
      "sharpe": 0.688736635649425,
      "skew": -0.16700712648237492,
      "kurt": 0.9873221984367788
    },
    "QQQ": {
      "mean": 0.16264985891251263,
      "std": 0.16573926133838715,
      "sharpe": 0.9813598636742628,
      "skew": -0.3780104139401378,
      "kurt": 3.2013432574653318
    },
    "SPY": {
      "mean": 0.12760650843008967,
      "std": 0.1465150965691239,
      "sharpe": 0.8709444379329647,
      "skew": -0.4870122257876816,
      "kurt": 4.745581540585812
    }
  },
  "train_mean_return_ann": 0.07512949937840512,
  "train_mean_vol_ann": 0.10715935542544341
}