{
  "lower_threshold": -0.03950568362779229,
  "upper_threshold": 0.04048000297965111,
  "lower_percentile": 0.01,
  "upper_percentile": 0.99,
  "n_clipped_lower": 381,
  "n_clipped_upper": 377,
  "pct_clipped": 3.3492400141392715,
  "train_days": 2012,
  "test_days": 1760,
  "train_end_date": "2017-12-29",
  "asset_stats": {
    "AAPL": {
      "mean": 0.228012167596035,
      "std": 0.2530689719085372,
      "sharpe": 0.9009882399903291,
      "skew": -0.2621314680243194,
      "kurt": 4.986326984798392
    },
    "BIL": {
      "mean": 0.0005374388825359724,
      "std": 0.002687763628083244,
      "sharpe": 0.19995764393881704,
      "skew": -0.08998532796772038,
      "kurt": 0.16312045019116228
    },
    "HYG": {
      "mean": 0.06049283998245611,
      "std": 0.07747194432137147,
      "sharpe": 0.78083544323501,
      "skew": -0.46391898987161007,
      "kurt": 8.05568954332566
    },
    "IEF": {
      "mean": 0.04289532152620495,
      "std": 0.06228118408144719,
      "sharpe": 0.6887364483968271,
      "skew": -0.16700395631089465,
      "kurt": 0.9871963756589257
    },
    "INTC": {
      "mean": 0.13189077098423965,
      "std": 0.22742853895050602,
      "sharpe": 0.5799218145306834,
      "skew": -0.02481734725972578,
      "kurt": 3.568190107027824
    },
    "NVDA": {
      "mean": 0.3035691261147501,
      "std": 0.38739937585297785,
      "sharpe": 0.7836076799203667,
      "skew": 0.9691880451270576,
      "kurt": 10.775771892071319
    }
  },
  "train_mean_return_ann": 0.12789961084770363,
  "train_mean_vol_ann": 0.16838962979048713
}