{
  "lower_threshold": -0.025208763771856067,
  "upper_threshold": 0.022905365602345837,
  "lower_percentile": 0.01,
  "upper_percentile": 0.99,
  "n_clipped_lower": 300,
  "n_clipped_upper": 285,
  "pct_clipped": 2.584835630965005,
  "train_days": 2012,
  "test_days": 1760,
  "train_end_date": "2017-12-29",
  "asset_stats": {
    "BIL": {
      "mean": 0.0005373375760501044,
      "std": 0.00268719247441888,
      "sharpe": 0.19996244450867126,
      "skew": -0.09010862076921194,
      "kurt": 0.1633601240706768
    },
    "EFA": {
      "mean": 0.05659518523621002,
      "std": 0.18826077548864842,
      "sharpe": 0.30062122653703055,
      "skew": -0.5763936616897476,
      "kurt": 6.01564815992765
    },
    "HYG": {
      "mean": 0.06049277142452941,
      "std": 0.07747159461440085,
      "sharpe": 0.780838082985382,
      "skew": -0.46393040610940767,
      "kurt": 8.055601438756998
    },
    "IEF": {
      "mean": 0.04289527095210369,
      "std": 0.06228118668900942,
      "sharpe": 0.6887356075325599,
      "skew": -0.16701730082214172,
      "kurt": 0.9872250646169936
    },
    "QQQ": {
      "mean": 0.1626498352560196,
      "std": 0.16573951857411176,
      "sharpe": 0.9813581978234684,
      "skew": -0.3780059097888632,
      "kurt": 3.201370480603407
    },
    "SPY": {
      "mean": 0.12760650843008928,
      "std": 0.14651509415458538,
      "sharpe": 0.8709444522859466,
      "skew": -0.4870183854714717,
      "kurt": 4.745597749027931
    }
  },
  "train_mean_return_ann": 0.07512948481250036,
  "train_mean_vol_ann": 0.10715922699919578
}