,Test RMSE,Test MAE,Test R²,Test Dir Acc,Test Sharpe
INTC,0.02018415313373296,0.016201879881965035,-0.0018162281253339962,0.4950199203187251,-0.17067166561258973
AAPL,0.015791448576270316,0.012118763028589838,-0.0002393647639782337,0.5318725099601593,0.604485165516928
NVDA,0.024917853627528665,0.02099657396766529,-0.0009406545007870637,0.5368525896414342,1.1714061570564438
IEF,0.005139225096522047,0.00398897685644213,-0.003742956779480222,0.47808764940239046,-0.5142481312351441
HYG,0.0050102355270469,0.003492826795751466,-0.00035255243356124844,0.5069721115537849,0.3360845904011462
BIL,0.0002041782672348407,0.00014533964250531197,-0.3927107988350027,0.5946215139442231,10.196587348400847
