Asset,N_Folds,Horizon,Test_RMSE,Test_R2,Test_DirAcc,Test_Corr,Test_Sharpe,Test_Return,Test_WinRate,Test_Trades
INTC,16,5,0.03567398583432421,0.2077445989518067,0.7341269841269842,0.6770117938428728,5.385450983920065,0.2776799732520368,0.6245039682539684,72.4375
AAPL,16,5,0.02906594072960442,0.2721443790183494,0.7703373015873016,0.7000255327142986,5.778930476049473,0.29683691662253686,0.6185515873015873,80.6875
NVDA,16,5,0.042972195196310195,0.3480196246044338,0.8020833333333334,0.7195605244514067,6.301106329670574,0.764217994349679,0.6488095238095238,89.875
IEF,16,5,0.008656086224377243,-0.0550234850230769,0.5218253968253969,0.0,0.1522815774696304,-0.00022299766900066992,0.5024801587301587,0.0
HYG,16,5,0.01006994984017499,-0.039213150934297336,0.5858134920634921,0.0,1.0120476842744577,0.0012533690699673902,0.5372023809523809,0.0
BIL,16,5,0.0004191681162412772,-10.215279046877608,0.7638888888888888,0.0,7.272294348243672,0.00010522327224683076,0.5074404761904762,0.0
